year,station_id,station_name,morning_entries,morning_exits,midday_entries,midday_exits,evening_entries,evening_exits,night_entries,night_exits,total_entries,total_exits,total_flow,morning_total_flow,midday_total_flow,evening_total_flow,night_total_flow,peak_total_flow,entry_exit_imbalance,bottleneck_score
2022,adamstown,Adamstown Station,0,0,0,0,0,0,0,0,80,70,150,0,0,0,0,0,10,0.0
2022,albion_park,Albion Park Station,0,0,0,0,0,0,0,0,190,160,350,0,0,0,0,0,30,0.0
2022,allawah,Allawah Station,920,160,390,230,310,750,230,530,1850,1670,3520,1080,620,1060,760,2140,180,0.6079545454545454
2022,arncliffe,Arncliffe Station,860,140,280,200,290,700,120,300,1550,1340,2890,1000,480,990,420,1990,210,0.6885813148788927
2022,artarmon,Artarmon Station,1600,500,650,610,960,1490,250,750,3460,3350,6810,2100,1260,2450,1000,4550,110,0.6681350954478708
2022,ashfield,Ashfield Station,3350,1120,1740,1430,2000,3310,920,2040,8010,7900,15910,4470,3170,5310,2960,9780,110,0.6147077309868008
2022,asquith,Asquith Station,610,150,180,90,210,470,50,160,1050,870,1920,760,270,680,210,1440,180,0.75
2022,auburn,Auburn Station,3550,1810,2780,2190,3220,4020,1990,3060,11540,11080,22620,5360,4970,7240,5050,12600,460,0.5570291777188329
2022,austinmer,Austinmer Station,0,0,0,0,0,0,0,0,80,60,140,0,0,0,0,0,20,0.0
2022,banksia,Banksia Station,580,80,150,110,170,500,80,170,980,860,1840,660,260,670,250,1330,120,0.7228260869565217
2022,bankstown,Bankstown Station,2260,1570,1740,1590,2020,2630,660,1160,6680,6950,13630,3830,3330,4650,1820,8480,-270,0.6221570066030815
2022,bardwell_park,Bardwell Park Station,0,0,0,0,0,0,0,0,760,700,1460,0,0,0,0,0,60,0.0
2022,bathurst,Bathurst Station,0,0,0,0,0,0,0,0,60,50,110,0,0,0,0,0,10,0.0
2022,beecroft,Beecroft Station,510,130,180,170,230,490,70,170,990,960,1950,640,350,720,240,1360,30,0.6974358974358974
2022,bella_vista,Bella Vista Station,870,340,300,250,510,880,150,320,1830,1790,3620,1210,550,1390,470,2600,40,0.7182320441988951
2022,bellambi,Bellambi Station,0,0,0,0,0,0,0,0,80,60,140,0,0,0,0,0,20,0.0
2022,belmore,Belmore Station,810,170,400,320,330,810,240,370,1780,1670,3450,980,720,1140,610,2120,110,0.6144927536231884
2022,berala,Berala Station,650,80,320,260,190,690,150,250,1310,1280,2590,730,580,880,400,1610,30,0.6216216216216216
2022,beresfield,Beresfield Station,0,0,0,0,0,0,0,0,130,120,250,0,0,0,0,0,10,0.0
2022,berowra,Berowra Station,620,70,120,100,130,540,40,130,910,840,1750,690,220,670,170,1360,70,0.7771428571428571
2022,berry,Berry Station,0,0,0,0,0,0,0,0,50,50,100,0,0,0,0,0,0,0.0
2022,beverly_hills,Beverly Hills Station,650,130,250,150,240,590,140,300,1280,1170,2450,780,400,830,440,1610,110,0.6571428571428571
2022,bexley_north,Bexley North Station,440,50,140,90,110,400,80,190,770,730,1500,490,230,510,270,1000,40,0.6666666666666666
2022,birrong,Birrong Station,400,70,170,110,100,370,60,150,730,700,1430,470,280,470,210,940,30,0.6573426573426573
2022,blackheath,Blackheath Station,0,0,0,0,0,0,0,0,110,110,220,0,0,0,0,0,0,0.0
2022,blacktown,Blacktown Station,3840,2610,2820,2560,3290,4480,1420,2180,11370,11830,23200,6450,5380,7770,3600,14220,-460,0.6129310344827587
2022,blaxland,Blaxland Station,0,0,0,0,0,0,0,0,390,350,740,0,0,0,0,0,40,0.0
2022,bomaderry,Bomaderry Station,0,0,0,0,0,0,0,0,220,160,380,0,0,0,0,0,60,0.0
2022,bondi_junction,Bondi Junction Station,6530,4250,3160,3420,5400,6520,1820,2400,16910,16590,33500,10780,6580,11920,4220,22700,320,0.6776119402985075
2022,bowral,Bowral Station,0,0,0,0,0,0,0,0,150,110,260,0,0,0,0,0,40,0.0
2022,broadmeadow,Broadmeadow Station,230,110,170,130,150,180,80,90,630,510,1140,340,300,330,170,670,120,0.5877192982456141
2022,bulli,Bulli Station,0,0,0,0,0,0,0,0,120,100,220,0,0,0,0,0,20,0.0
2022,burwood,Burwood Station,3810,2380,3260,3210,4040,5130,2050,2800,13160,13520,26680,6190,6470,9170,4850,15360,-360,0.5757121439280359
2022,cabramatta,Cabramatta Station,2100,660,1630,1560,1140,2100,630,1060,5500,5380,10880,2760,3190,3240,1690,6000,120,0.5514705882352942
2022,camellia,Camellia Station,0,0,0,0,0,0,0,0,60,50,110,0,0,0,0,0,10,0.0
2022,campbelltown,Campbelltown Station,2240,610,700,680,810,2260,790,860,4540,4410,8950,2850,1380,3070,1650,5920,130,0.6614525139664804
2022,campsie,Campsie Station,2220,570,1430,1220,1150,2410,780,1370,5580,5570,11150,2790,2650,3560,2150,6350,10,0.5695067264573991
2022,canley_vale,Canley Vale Station,850,140,380,270,310,780,220,430,1760,1620,3380,990,650,1090,650,2080,140,0.6153846153846154
2022,canterbury,Canterbury Station,920,180,420,230,360,780,180,480,1880,1670,3550,1100,650,1140,660,2240,210,0.6309859154929578
2022,cardiff,Cardiff Station,220,60,140,120,90,200,100,80,550,460,1010,280,260,290,180,570,90,0.5643564356435643
2022,caringbah,Caringbah Station,920,490,430,360,610,810,170,290,2130,1950,4080,1410,790,1420,460,2830,180,0.6936274509803921
2022,carlingford,Carlingford Station,0,0,0,0,0,0,0,0,50,50,100,0,0,0,0,0,0,0.0
2022,carlton,Carlton Station,1010,100,370,260,250,880,170,440,1800,1680,3480,1110,630,1130,610,2240,120,0.6436781609195402
2022,carramar,Carramar Station,0,0,0,0,0,0,0,0,420,340,760,0,0,0,0,0,80,0.0
2022,castle_hill,Castle Hill Station,1000,1180,870,900,1640,1590,400,430,3910,4100,8010,2180,1770,3230,830,5410,-190,0.6754057428214731
2022,casula,Casula Station,0,0,0,0,0,0,0,0,260,210,470,0,0,0,0,0,50,0.0
2022,central,Central Station,6820,25640,11240,14230,26390,13280,13430,6570,57880,59720,117600,32460,25470,39670,20000,72130,-1840,0.6133503401360544
2022,chatswood,Chatswood Station,3660,6440,4170,4700,8590,6500,2880,2320,19300,19960,39260,10100,8870,15090,5200,25190,-660,0.6416199694345389
2022,cheltenham,Cheltenham Station,0,0,0,0,0,0,0,0,980,700,1680,0,0,0,0,0,280,0.0
2022,cherrybrook,Cherrybrook Station,1480,280,420,310,660,1320,120,610,2680,2520,5200,1760,730,1980,730,3740,160,0.7192307692307692
2022,chester_hill,Chester Hill Station,300,130,200,140,200,300,80,120,780,690,1470,430,340,500,200,930,90,0.6326530612244898
2022,circular_quay,Circular Quay Station,1200,5650,2670,4030,7190,8400,13830,5710,24890,23790,48680,6850,6700,15590,19540,22440,1100,0.4609695973705834
2022,clarendon,Clarendon Station,0,0,0,0,0,0,0,0,50,40,90,0,0,0,0,0,10,0.0
2022,clyde,Clyde Station,210,240,170,120,290,220,100,170,770,750,1520,450,290,510,270,960,20,0.631578947368421
2022,como,Como Station,0,0,0,0,0,0,0,0,460,370,830,0,0,0,0,0,90,0.0
2022,concord_west,Concord West Station,740,280,280,200,370,670,130,310,1520,1460,2980,1020,480,1040,440,2060,60,0.6912751677852349
2022,coniston,Coniston Station,0,0,0,0,0,0,0,0,150,140,290,0,0,0,0,0,10,0.0
2022,corrimal,Corrimal Station,0,0,0,0,0,0,0,0,110,80,190,0,0,0,0,0,30,0.0
2022,cronulla,Cronulla Station,630,280,440,450,390,610,180,220,1640,1560,3200,910,890,1000,400,1910,80,0.596875
2022,croydon,Croydon Station,940,230,320,230,450,790,110,340,1820,1590,3410,1170,550,1240,450,2410,230,0.7067448680351907
2022,dapto,Dapto Station,0,0,0,0,0,0,0,0,350,310,660,0,0,0,0,0,40,0.0
2022,denistone,Denistone Station,0,0,0,0,0,0,0,0,350,320,670,0,0,0,0,0,30,0.0
2022,domestic,Domestic Station,1710,1890,2290,1810,1790,1820,1440,590,7230,6110,13340,3600,4100,3610,2030,7210,1120,0.54047976011994
2022,doonside,Doonside Station,1090,120,320,260,250,950,210,350,1870,1680,3550,1210,580,1200,560,2410,190,0.6788732394366197
2022,dulwich_hill,Dulwich Hill Station,900,200,310,210,410,700,150,380,1770,1490,3260,1100,520,1110,530,2210,280,0.6779141104294478
2022,dundas,Dundas Station,0,0,0,0,0,0,0,0,60,60,120,0,0,0,0,0,0,0.0
2022,east_hills,East Hills Station,320,60,120,90,90,250,50,90,580,490,1070,380,210,340,140,720,90,0.6728971962616822
2022,east_richmond,East Richmond Station,0,0,0,0,0,0,0,0,140,160,300,0,0,0,0,0,-20,0.0
2022,eastwood,Eastwood Station,1840,700,1310,1160,1200,2110,500,940,4850,4910,9760,2540,2470,3310,1440,5850,-60,0.5993852459016393
2022,edgecliff,Edgecliff Station,2240,2130,1330,1210,2380,2170,590,830,6540,6340,12880,4370,2540,4550,1420,8920,200,0.6925465838509317
2022,edmondson_park,Edmondson Park Station,1420,120,270,240,330,1410,310,580,2330,2350,4680,1540,510,1740,890,3280,-20,0.7008547008547008
2022,emu_plains,Emu Plains Station,450,90,90,80,140,430,80,110,760,710,1470,540,170,570,190,1110,50,0.7551020408163265
2022,engadine,Engadine Station,520,140,150,170,160,420,90,110,920,840,1760,660,320,580,200,1240,80,0.7045454545454546
2022,epping,Epping Station,4650,1260,1800,1320,2150,4650,690,1920,9290,9150,18440,5910,3120,6800,2610,12710,140,0.6892624728850325
2022,erskineville,Erskineville Station,1040,220,310,220,450,780,190,450,1990,1670,3660,1260,530,1230,640,2490,320,0.680327868852459
2022,fairfield,Fairfield Station,1670,740,1190,1110,1190,1690,560,890,4610,4430,9040,2410,2300,2880,1450,5290,180,0.5851769911504425
2022,fairy_meadow,Fairy Meadow Station,0,0,0,0,0,0,0,0,60,60,120,0,0,0,0,0,0,0.0
2022,fassifern,Fassifern Station,0,0,0,0,0,0,0,0,270,210,480,0,0,0,0,0,60,0.0
2022,faulconbridge,Faulconbridge Station,0,0,0,0,0,0,0,0,60,60,120,0,0,0,0,0,0,0.0
2022,flemington,Flemington Station,1310,490,790,420,780,1130,340,850,3220,2890,6110,1800,1210,1910,1190,3710,330,0.6072013093289689
2022,glenbrook,Glenbrook Station,0,0,0,0,0,0,0,0,320,270,590,0,0,0,0,0,50,0.0
2022,glenfield,Glenfield Station,2120,850,950,510,970,1940,480,800,4520,4100,8620,2970,1460,2910,1280,5880,420,0.6821345707656613
2022,gordon,Gordon Station,2470,890,870,650,1350,2230,280,990,4970,4760,9730,3360,1520,3580,1270,6940,210,0.7132579650565262
2022,gosford,Gosford Station,1430,800,740,500,860,1350,420,560,3450,3210,6660,2230,1240,2210,980,4440,240,0.6666666666666666
2022,granville,Granville Station,1690,740,1190,830,1250,1800,840,1310,4970,4680,9650,2430,2020,3050,2150,5480,290,0.5678756476683938
2022,green_square,Green Square Station,2660,2650,1550,1340,3320,2640,860,1620,8390,8250,16640,5310,2890,5960,2480,11270,140,0.6772836538461539
2022,guildford,Guildford Station,960,180,490,350,390,950,310,440,2150,1920,4070,1140,840,1340,750,2480,230,0.6093366093366094
2022,gymea,Gymea Station,840,180,260,220,270,720,120,230,1490,1350,2840,1020,480,990,350,2010,140,0.7077464788732394
2022,hamilton,Hamilton Station,120,130,160,130,130,120,60,50,470,430,900,250,290,250,110,500,40,0.5555555555555556
2022,harris_park,Harris Park Station,540,200,370,300,460,680,380,520,1750,1700,3450,740,670,1140,900,1880,50,0.5449275362318841
2022,hawkesbury_river,Hawkesbury River Station,0,0,0,0,0,0,0,0,180,180,360,0,0,0,0,0,0,0.0
2022,hazelbrook,Hazelbrook Station,0,0,0,0,0,0,0,0,220,190,410,0,0,0,0,0,30,0.0
2022,heathcote,Heathcote Station,210,50,80,70,40,190,40,50,370,360,730,260,150,230,90,490,10,0.6712328767123288
2022,helensburgh,Helensburgh Station,0,0,0,0,0,0,0,0,330,280,610,0,0,0,0,0,50,0.0
2022,hills_showground,Hills Showground Station,1260,190,350,260,430,1150,100,440,2140,2040,4180,1450,610,1580,540,3030,100,0.7248803827751196
2022,holsworthy,Holsworthy Station,1420,180,290,230,380,1300,230,490,2320,2200,4520,1600,520,1680,720,3280,120,0.7256637168141593
2022,homebush,Homebush Station,990,230,470,330,500,890,250,600,2210,2050,4260,1220,800,1390,850,2610,160,0.6126760563380281
2022,hornsby,Hornsby Station,3570,1980,1920,1750,2640,3920,750,1390,8880,9040,17920,5550,3670,6560,2140,12110,-160,0.67578125
2022,hurlstone_park,Hurlstone Park Station,510,50,170,110,150,430,60,230,890,820,1710,560,280,580,290,1140,70,0.6666666666666666
2022,hurstville,Hurstville Station,5530,1760,3480,3120,3680,6550,1640,3140,14330,14570,28900,7290,6600,10230,4780,17520,-240,0.6062283737024221
2022,ingleburn,Ingleburn Station,1060,460,450,370,550,1090,300,470,2360,2390,4750,1520,820,1640,770,3160,-30,0.6652631578947369
2022,international,International Station,620,960,870,950,570,510,340,280,2400,2700,5100,1580,1820,1080,620,2660,-300,0.5215686274509804
2022,jannali,Jannali Station,1130,160,280,240,280,980,120,320,1810,1700,3510,1290,520,1260,440,2550,110,0.7264957264957265
2022,katoomba,Katoomba Station,150,100,220,270,210,140,60,80,640,590,1230,250,490,350,140,600,50,0.4878048780487805
2022,kellyville,Kellyville Station,1850,50,340,250,320,1660,170,660,2680,2620,5300,1900,590,1980,830,3880,60,0.7320754716981132
2022,kiama,Kiama Station,100,40,120,120,70,80,40,50,330,290,620,140,240,150,90,290,40,0.46774193548387094
2022,killara,Killara Station,740,130,300,210,270,640,70,310,1380,1290,2670,870,510,910,380,1780,90,0.6666666666666666
2022,kings_cross,Kings Cross Station,2850,3530,2280,2040,3910,3450,1530,1950,10570,10970,21540,6380,4320,7360,3480,13740,-400,0.637883008356546
2022,kingsgrove,Kingsgrove Station,680,220,270,200,350,620,130,320,1430,1360,2790,900,470,970,450,1870,70,0.6702508960573477
2022,kingswood,Kingswood Station,670,350,290,260,420,590,230,270,1610,1470,3080,1020,550,1010,500,2030,140,0.6590909090909091
2022,kirrawee,Kirrawee Station,670,220,290,220,280,610,110,220,1350,1270,2620,890,510,890,330,1780,80,0.6793893129770993
2022,kogarah,Kogarah Station,2640,1800,2050,1410,2350,2560,930,1800,7970,7570,15540,4440,3460,4910,2730,9350,400,0.6016731016731016
2022,koolewong,Koolewong Station,0,0,0,0,0,0,0,0,70,40,110,0,0,0,0,0,30,0.0
2022,lakemba,Lakemba Station,1060,230,700,520,530,1160,380,620,2670,2530,5200,1290,1220,1690,1000,2980,140,0.573076923076923
2022,lapstone,Lapstone Station,0,0,0,0,0,0,0,0,60,50,110,0,0,0,0,0,10,0.0
2022,lawson,Lawson Station,0,0,0,0,0,0,0,0,80,90,170,0,0,0,0,0,-10,0.0
2022,leightonfield,Leightonfield Station,0,0,0,0,0,0,0,0,180,150,330,0,0,0,0,0,30,0.0
2022,leppington,Leppington Station,1430,120,200,190,310,1410,330,490,2270,2210,4480,1550,390,1720,820,3270,60,0.7299107142857143
2022,leumeah,Leumeah Station,950,120,280,200,220,970,300,370,1750,1660,3410,1070,480,1190,670,2260,90,0.6627565982404692
2022,leura,Leura Station,0,0,0,0,0,0,0,0,260,210,470,0,0,0,0,0,50,0.0
2022,lewisham,Lewisham Station,1130,320,340,220,520,990,150,450,2140,1980,4120,1450,560,1510,600,2960,160,0.7184466019417476
2022,lidcombe,Lidcombe Station,3360,1210,1950,1530,2220,3530,1360,2380,8890,8650,17540,4570,3480,5750,3740,10320,240,0.5883694412770809
2022,lindfield,Lindfield Station,1430,370,570,480,620,1280,160,550,2780,2680,5460,1800,1050,1900,710,3700,100,0.6776556776556777
2022,lisarow,Lisarow Station,0,0,0,0,0,0,0,0,100,90,190,0,0,0,0,0,10,0.0
2022,lithgow,Lithgow Station,0,0,0,0,0,0,0,0,160,140,300,0,0,0,0,0,20,0.0
2022,liverpool,Liverpool Station,1700,1910,1620,1450,2180,1980,790,830,6290,6170,12460,3610,3070,4160,1620,7770,120,0.6235955056179775
2022,loftus,Loftus Station,0,0,0,0,0,0,0,0,290,260,550,0,0,0,0,0,30,0.0
2022,macarthur,Macarthur Station,700,340,450,450,530,890,280,300,1960,1980,3940,1040,900,1420,580,2460,-20,0.6243654822335025
2022,macdonaldtown,Macdonaldtown Station,360,180,170,100,260,330,90,220,880,830,1710,540,270,590,310,1130,50,0.6608187134502924
2022,macquarie_fields,Macquarie Fields Station,340,40,110,80,180,330,90,160,720,610,1330,380,190,510,250,890,110,0.6691729323308271
2022,macquarie_park,Macquarie Park Station,390,1800,380,330,1810,490,240,200,2820,2820,5640,2190,710,2300,440,4490,0,0.7960992907801419
2022,macquarie_university,Macquarie University Station,1420,2300,1860,2180,3290,2300,930,900,7500,7680,15180,3720,4040,5590,1830,9310,-180,0.6133069828722003
2022,maitland,Maitland Station,0,0,0,0,0,0,0,0,270,250,520,0,0,0,0,0,20,0.0
2022,marayong,Marayong Station,330,120,140,120,190,320,70,110,730,670,1400,450,260,510,180,960,60,0.6857142857142857
2022,marrickville,Marrickville Station,1400,420,630,560,790,1350,330,740,3150,3070,6220,1820,1190,2140,1070,3960,80,0.6366559485530546
2022,martin_place,Martin Place Station,460,10470,1860,2280,8330,1780,2160,600,12810,15130,27940,10930,4140,10110,2760,21040,-2320,0.753042233357194
2022,mascot,Mascot Station,3070,3310,2220,1610,4180,3400,1330,2550,10800,10870,21670,6380,3830,7580,3880,13960,-70,0.6442085832948777
2022,meadowbank,Meadowbank Station,1830,480,700,420,730,1490,230,770,3490,3160,6650,2310,1120,2220,1000,4530,330,0.681203007518797
2022,merrylands,Merrylands Station,1490,470,870,830,870,1590,630,810,3860,3700,7560,1960,1700,2460,1440,4420,160,0.5846560846560847
2022,metford,Metford Station,0,0,0,0,0,0,0,0,50,50,100,0,0,0,0,0,0,0.0
2022,milsons_point,Milsons Point Station,1420,1750,1100,1040,2090,2070,1090,1200,5700,6060,11760,3170,2140,4160,2290,7330,-360,0.6232993197278912
2022,minnamurra,Minnamurra Station,0,0,0,0,0,0,0,0,80,50,130,0,0,0,0,0,30,0.0
2022,minto,Minto Station,1160,240,370,260,410,1130,330,520,2270,2150,4420,1400,630,1540,850,2940,120,0.665158371040724
2022,miranda,Miranda Station,800,710,770,800,940,1000,280,290,2790,2800,5590,1510,1570,1940,570,3450,-10,0.6171735241502684
2022,mittagong,Mittagong Station,0,0,0,0,0,0,0,0,110,100,210,0,0,0,0,0,10,0.0
2022,morisset,Morisset Station,240,40,110,80,70,210,80,70,500,400,900,280,190,280,150,560,100,0.6222222222222222
2022,mortdale,Mortdale Station,1380,150,460,340,370,1120,190,540,2400,2150,4550,1530,800,1490,730,3020,250,0.6637362637362637
2022,moss_vale,Moss Vale Station,0,0,0,0,0,0,0,0,110,100,210,0,0,0,0,0,10,0.0
2022,mount_colah,Mount Colah Station,0,0,0,0,0,0,0,0,440,390,830,0,0,0,0,0,50,0.0
2022,mount_druitt,Mount Druitt Station,2250,720,1060,1000,1010,2540,730,810,5050,5070,10120,2970,2060,3550,1540,6520,-20,0.6442687747035574
2022,mount_kuring_gai,Mount Kuring-gai Station,0,0,0,0,0,0,0,0,160,170,330,0,0,0,0,0,-10,0.0
2022,mount_victoria,Mount Victoria Station,0,0,0,0,0,0,0,0,50,50,100,0,0,0,0,0,0,0.0
2022,mulgrave,Mulgrave Station,0,0,0,0,0,0,0,0,210,190,400,0,0,0,0,0,20,0.0
2022,museum,Museum Station,880,4300,1480,1640,4300,1510,1340,1070,8000,8520,16520,5180,3120,5810,2410,10990,-520,0.6652542372881356
2022,narara,Narara Station,0,0,0,0,0,0,0,0,180,160,340,0,0,0,0,0,20,0.0
2022,narwee,Narwee Station,710,60,220,150,180,610,130,320,1240,1140,2380,770,370,790,450,1560,100,0.6554621848739496
2022,newcastle_interchange,Newcastle Interchange,160,490,310,290,490,180,70,70,1030,1030,2060,650,600,670,140,1320,0,0.6407766990291263
2022,newtown,Newtown Station,1960,1550,1380,1620,2130,3240,1460,1520,6930,7930,14860,3510,3000,5370,2980,8880,-1000,0.5975773889636609
2022,niagara_park,Niagara Park Station,0,0,0,0,0,0,0,0,90,80,170,0,0,0,0,0,10,0.0
2022,normanhurst,Normanhurst Station,0,0,0,0,0,0,0,0,760,560,1320,0,0,0,0,0,200,0.0
2022,north_ryde,North Ryde Station,650,830,370,280,970,700,150,390,2140,2200,4340,1480,650,1670,540,3150,-60,0.7258064516129032
2022,north_strathfield,North Strathfield Station,920,280,290,250,430,900,200,390,1840,1820,3660,1200,540,1330,590,2530,20,0.6912568306010929
2022,north_sydney,North Sydney Station,1670,11220,2830,2450,10820,2430,1620,1310,16940,17410,34350,12890,5280,13250,2930,26140,-470,0.7609898107714702
2022,north_wollongong,North Wollongong Station,300,170,190,110,200,260,90,180,780,720,1500,470,300,460,270,930,60,0.62
2022,norwest,Norwest Station,660,400,350,250,620,710,110,280,1740,1640,3380,1060,600,1330,390,2390,100,0.7071005917159763
2022,oak_flats,Oak Flats Station,150,50,60,50,80,100,40,60,330,260,590,200,110,180,100,380,70,0.6440677966101694
2022,oatley,Oatley Station,890,120,240,220,250,800,90,260,1470,1400,2870,1010,460,1050,350,2060,70,0.7177700348432056
2022,olympic_park,Olympic Park Station,220,630,370,220,660,260,120,170,1370,1280,2650,850,590,920,290,1770,90,0.6679245283018868
2022,ourimbah,Ourimbah Station,0,0,0,0,0,0,0,0,140,130,270,0,0,0,0,0,10,0.0
2022,padstow,Padstow Station,1050,170,310,230,300,910,200,400,1860,1710,3570,1220,540,1210,600,2430,150,0.680672268907563
2022,panania,Panania Station,620,210,250,170,240,530,100,220,1210,1130,2340,830,420,770,320,1600,80,0.6837606837606838
2022,parramatta,Parramatta Station,6310,11390,5770,5610,12890,8290,3250,3730,28220,29020,57240,17700,11380,21180,6980,38880,-800,0.6792452830188679
2022,pendle_hill,Pendle Hill Station,1140,240,410,380,470,1070,220,400,2240,2090,4330,1380,790,1540,620,2920,150,0.674364896073903
2022,pennant_hills,Pennant Hills Station,600,230,300,220,330,560,90,210,1320,1220,2540,830,520,890,300,1720,100,0.6771653543307087
2022,penrith,Penrith Station,2210,1190,950,1010,1420,2500,760,820,5340,5520,10860,3400,1960,3920,1580,7320,-180,0.6740331491712708
2022,penshurst,Penshurst Station,1170,140,430,240,330,950,200,550,2130,1880,4010,1310,670,1280,750,2590,250,0.6458852867830424
2022,petersham,Petersham Station,920,610,440,300,770,950,240,440,2370,2300,4670,1530,740,1720,680,3250,70,0.69593147751606
2022,picton,Picton Station,0,0,0,0,0,0,0,0,100,80,180,0,0,0,0,0,20,0.0
2022,point_clare,Point Clare Station,0,0,0,0,0,0,0,0,90,100,190,0,0,0,0,0,-10,0.0
2022,port_kembla,Port Kembla Station,0,0,0,0,0,0,0,0,70,50,120,0,0,0,0,0,20,0.0
2022,punchbowl,Punchbowl Station,760,200,360,260,330,760,220,360,1670,1580,3250,960,620,1090,580,2050,90,0.6307692307692307
2022,pymble,Pymble Station,750,360,290,200,540,690,70,250,1650,1500,3150,1110,490,1230,320,2340,150,0.7428571428571429
2022,quakers_hill,Quakers Hill Station,1160,120,330,210,280,1010,160,320,1930,1660,3590,1280,540,1290,480,2570,270,0.7158774373259053
2022,redfern,Redfern Station,3360,7050,2850,2720,7240,4080,2320,2520,15770,16370,32140,10410,5570,11320,4840,21730,-600,0.6761045426260112
2022,regents_park,Regents Park Station,240,300,220,150,310,270,100,130,870,850,1720,540,370,580,230,1120,20,0.6511627906976745
2022,revesby,Revesby Station,1710,330,560,470,600,1550,320,710,3190,3060,6250,2040,1030,2150,1030,4190,130,0.6704
2022,rhodes,Rhodes Station,2910,1040,1210,970,1680,2710,590,1480,6390,6200,12590,3950,2180,4390,2070,8340,190,0.6624305003971406
2022,richmond,Richmond Station,200,70,130,100,110,190,80,80,520,440,960,270,230,300,160,570,80,0.59375
2022,riverstone,Riverstone Station,400,100,140,110,150,350,110,140,800,700,1500,500,250,500,250,1000,100,0.6666666666666666
2022,riverwood,Riverwood Station,1230,160,430,350,370,1070,280,600,2310,2180,4490,1390,780,1440,880,2830,130,0.6302895322939867
2022,rockdale,Rockdale Station,2730,720,1700,1310,1500,2710,990,1970,6920,6710,13630,3450,3010,4210,2960,7660,210,0.561995597945708
2022,rooty_hill,Rooty Hill Station,1260,220,430,360,440,1240,340,540,2470,2360,4830,1480,790,1680,880,3160,110,0.6542443064182195
2022,roseville,Roseville Station,990,230,360,280,510,860,110,440,1970,1810,3780,1220,640,1370,550,2590,160,0.6851851851851852
2022,rouse_hill,Rouse Hill Station,1080,270,440,430,490,1270,190,340,2200,2310,4510,1350,870,1760,530,3110,-110,0.6895787139689579
2022,schofields,Schofields Station,1790,130,320,270,340,1480,230,590,2680,2470,5150,1920,590,1820,820,3740,210,0.7262135922330097
2022,sefton,Sefton Station,210,90,120,60,140,190,40,70,510,410,920,300,180,330,110,630,100,0.6847826086956522
2022,seven_hills,Seven Hills Station,1990,730,710,580,1110,1840,460,900,4270,4050,8320,2720,1290,2950,1360,5670,220,0.6814903846153846
2022,shellharbour_junction,Shellharbour Junction Station,0,0,0,0,0,0,0,0,100,100,200,0,0,0,0,0,0,0.0
2022,springwood,Springwood Station,360,70,120,90,120,350,80,110,680,620,1300,430,210,470,190,900,60,0.6923076923076923
2022,st_james,St James Station,180,4390,1310,1660,4270,810,950,330,6710,7190,13900,4570,2970,5080,1280,9650,-480,0.6942446043165468
2022,st_leonards,St Leonards Station,2520,5720,2300,1830,5840,2660,1000,1460,11660,11670,23330,8240,4130,8500,2460,16740,-10,0.7175310758679811
2022,st_marys,St Marys Station,1420,710,650,550,910,1470,470,520,3450,3250,6700,2130,1200,2380,990,4510,200,0.673134328358209
2022,st_peters,St Peters Station,1180,360,380,290,680,1070,250,550,2490,2270,4760,1540,670,1750,800,3290,220,0.6911764705882353
2022,stanmore,Stanmore Station,1270,360,350,290,660,1090,170,500,2450,2240,4690,1630,640,1750,670,3380,210,0.720682302771855
2022,stanwell_park,Stanwell Park Station,0,0,0,0,0,0,0,0,50,50,100,0,0,0,0,0,0,0.0
2022,strathfield,Strathfield Station,6360,2950,3550,3070,5240,6730,2780,4640,17930,17390,35320,9310,6620,11970,7420,21280,540,0.6024915062287656
2022,summer_hill,Summer Hill Station,1310,290,460,360,540,1190,220,530,2530,2370,4900,1600,820,1730,750,3330,160,0.6795918367346939
2022,sutherland,Sutherland Station,2620,670,880,780,1030,2430,480,990,5010,4870,9880,3290,1660,3460,1470,6750,140,0.6831983805668016
2022,sydenham,Sydenham Station,1230,1460,870,760,1740,1230,670,950,4510,4400,8910,2690,1630,2970,1620,5660,110,0.6352413019079686
2022,tahmoor,Tahmoor Station,0,0,0,0,0,0,0,0,100,100,200,0,0,0,0,0,0,0.0
2022,tallawong,Tallawong Station,2390,140,370,260,360,2060,250,740,3370,3200,6570,2530,630,2420,990,4950,170,0.7534246575342466
2022,tascott,Tascott Station,0,0,0,0,0,0,0,0,80,60,140,0,0,0,0,0,20,0.0
2022,telarah,Telarah Station,0,0,0,0,0,0,0,0,120,100,220,0,0,0,0,0,20,0.0
2022,telopea,Telopea Station,0,0,0,0,0,0,0,0,80,60,140,0,0,0,0,0,20,0.0
2022,tempe,Tempe Station,500,190,110,90,280,450,50,130,940,860,1800,690,200,730,180,1420,80,0.7888888888888889
2022,thirroul,Thirroul Station,390,40,120,100,80,340,70,130,660,610,1270,430,220,420,200,850,50,0.6692913385826772
2022,thornleigh,Thornleigh Station,530,140,180,150,220,480,60,210,990,980,1970,670,330,700,270,1370,10,0.6954314720812182
2022,thornton,Thornton Station,0,0,0,0,0,0,0,0,150,110,260,0,0,0,0,0,40,0.0
2022,toongabbie,Toongabbie Station,990,190,380,320,360,970,200,360,1930,1840,3770,1180,700,1330,560,2510,90,0.6657824933687002
2022,town_hall,Town Hall Station,4600,28560,11060,14200,31370,15350,17440,6500,64470,64610,129080,33160,25260,46720,23940,79880,-140,0.6188410288193369
2022,towradgi,Towradgi Station,0,0,0,0,0,0,0,0,50,40,90,0,0,0,0,0,10,0.0
2022,tuggerah,Tuggerah Station,340,130,180,160,170,350,160,160,850,800,1650,470,340,520,320,990,50,0.6
2022,turramurra,Turramurra Station,1490,300,520,360,550,1330,140,520,2700,2510,5210,1790,880,1880,660,3670,190,0.7044145873320538
2022,turrella,Turrella Station,290,80,120,70,140,280,80,180,630,610,1240,370,190,420,260,790,20,0.6370967741935484
2022,unanderra,Unanderra Station,0,0,0,0,0,0,0,0,250,230,480,0,0,0,0,0,20,0.0
2022,valley_heights,Valley Heights Station,0,0,0,0,0,0,0,0,40,40,80,0,0,0,0,0,0,0.0
2022,victoria_street,Victoria Street Station,0,0,0,0,0,0,0,0,200,170,370,0,0,0,0,0,30,0.0
2022,villawood,Villawood Station,160,80,90,80,130,140,40,60,420,360,780,240,170,270,100,510,60,0.6538461538461539
2022,vineyard,Vineyard Station,0,0,0,0,0,0,0,0,80,90,170,0,0,0,0,0,-10,0.0
2022,wahroonga,Wahroonga Station,720,280,240,280,460,560,80,230,1500,1350,2850,1000,520,1020,310,2020,150,0.7087719298245614
2022,waitara,Waitara Station,1230,370,330,260,620,1050,130,430,2310,2110,4420,1600,590,1670,560,3270,200,0.7398190045248869
2022,warabrook,Warabrook Station,0,0,0,0,0,0,0,0,90,90,180,0,0,0,0,0,0,0.0
2022,waratah,Waratah Station,0,0,0,0,0,0,0,0,150,130,280,0,0,0,0,0,20,0.0
2022,warnervale,Warnervale Station,0,0,0,0,0,0,0,0,150,150,300,0,0,0,0,0,0,0.0
2022,warrawee,Warrawee Station,280,160,90,60,250,260,40,110,660,590,1250,440,150,510,150,950,70,0.76
2022,warrimoo,Warrimoo Station,0,0,0,0,0,0,0,0,90,70,160,0,0,0,0,0,20,0.0
2022,warwick_farm,Warwick Farm Station,860,230,300,240,380,790,270,370,1810,1630,3440,1090,540,1170,640,2260,180,0.6569767441860465
2022,waterfall,Waterfall Station,0,0,0,0,0,0,0,0,290,270,560,0,0,0,0,0,20,0.0
2022,waverton,Waverton Station,700,210,350,240,420,590,110,370,1580,1410,2990,910,590,1010,480,1920,170,0.6421404682274248
2022,wentworth_falls,Wentworth Falls Station,0,0,0,0,0,0,0,0,230,200,430,0,0,0,0,0,30,0.0
2022,wentworthville,Wentworthville Station,1360,180,490,400,480,1320,260,600,2590,2500,5090,1540,890,1800,860,3340,90,0.656188605108055
2022,werrington,Werrington Station,430,60,160,120,120,390,110,150,820,720,1540,490,280,510,260,1000,100,0.6493506493506493
2022,west_ryde,West Ryde Station,1500,470,700,570,760,1510,320,630,3280,3180,6460,1970,1270,2270,950,4240,100,0.6563467492260062
2022,westmead,Westmead Station,1380,1680,1160,900,2030,1260,550,900,5120,4740,9860,3060,2060,3290,1450,6350,380,0.6440162271805274
2022,wiley_park,Wiley Park Station,510,60,260,170,210,480,160,280,1140,990,2130,570,430,690,440,1260,150,0.5915492957746479
2022,windsor,Windsor Station,220,90,100,100,120,230,70,80,510,500,1010,310,200,350,150,660,10,0.6534653465346535
2022,wolli_creek,Wolli Creek Station,2790,560,1360,940,1430,2730,710,2020,6290,6250,12540,3350,2300,4160,2730,7510,40,0.5988835725677831
2022,wollongong,Wollongong Station,460,320,330,260,350,490,220,250,1360,1320,2680,780,590,840,470,1620,40,0.6044776119402985
2022,wollstonecraft,Wollstonecraft Station,920,120,320,230,330,740,90,400,1660,1490,3150,1040,550,1070,490,2110,170,0.6698412698412698
2022,woodford,Woodford Station,0,0,0,0,0,0,0,0,70,60,130,0,0,0,0,0,10,0.0
2022,woolooware,Woolooware Station,570,80,140,120,120,470,60,160,890,830,1720,650,260,590,220,1240,60,0.7209302325581395
2022,woonona,Woonona Station,0,0,0,0,0,0,0,0,90,70,160,0,0,0,0,0,20,0.0
2022,woy_woy,Woy Woy Station,1360,170,480,430,300,1420,390,470,2530,2490,5020,1530,910,1720,860,3250,40,0.647410358565737
2022,wyee,Wyee Station,0,0,0,0,0,0,0,0,170,140,310,0,0,0,0,0,30,0.0
2022,wynyard,Wynyard Station,3440,33460,6420,8000,28690,8680,11800,3820,50350,53960,104310,36900,14420,37370,15620,74270,-3610,0.7120122711149458
2022,wyong,Wyong Station,420,130,210,200,170,410,220,280,1020,1020,2040,550,410,580,500,1130,0,0.553921568627451
2022,yagoona,Yagoona Station,510,100,220,170,190,460,130,230,1050,960,2010,610,390,650,360,1260,90,0.6268656716417911
2022,yennora,Yennora Station,250,310,220,170,310,220,110,190,890,890,1780,560,390,530,300,1090,0,0.6123595505617978
2023,adamstown,Adamstown Station,0,0,0,0,0,0,0,0,100,90,190,0,0,0,0,0,10,0.0
2023,albion_park,Albion Park Station,0,0,0,0,0,0,0,0,230,210,440,0,0,0,0,0,20,0.0
2023,allawah,Allawah Station,1160,150,490,320,410,1010,290,680,2350,2160,4510,1310,810,1420,970,2730,190,0.6053215077605322
2023,arncliffe,Arncliffe Station,1130,170,380,270,420,980,200,510,2130,1930,4060,1300,650,1400,710,2700,200,0.6650246305418719
2023,artarmon,Artarmon Station,2020,610,760,690,1090,1780,360,990,4230,4070,8300,2630,1450,2870,1350,5500,160,0.6626506024096386
2023,ashfield,Ashfield Station,4010,1270,2110,1660,2250,4080,1140,2470,9510,9480,18990,5280,3770,6330,3610,11610,30,0.6113744075829384
2023,asquith,Asquith Station,790,180,220,130,240,580,60,220,1310,1110,2420,970,350,820,280,1790,200,0.7396694214876033
2023,auburn,Auburn Station,4210,2070,3210,2560,3830,4810,2290,3520,13540,12960,26500,6280,5770,8640,5810,14920,580,0.5630188679245283
2023,austinmer,Austinmer Station,0,0,0,0,0,0,0,0,100,70,170,0,0,0,0,0,30,0.0
2023,banksia,Banksia Station,770,100,200,140,230,690,120,310,1320,1240,2560,870,340,920,430,1790,80,0.69921875
2023,bankstown,Bankstown Station,2710,1660,2130,2060,2380,2970,920,1520,8140,8210,16350,4370,4190,5350,2440,9720,-70,0.5944954128440367
2023,bardwell_park,Bardwell Park Station,560,60,160,140,150,470,90,240,960,910,1870,620,300,620,330,1240,50,0.6631016042780749
2023,bargo,Bargo Station,0,0,0,0,0,0,0,0,40,40,80,0,0,0,0,0,0,0.0
2023,bathurst,Bathurst Station,0,0,0,0,0,0,0,0,70,40,110,0,0,0,0,0,30,0.0
2023,beecroft,Beecroft Station,680,160,210,220,300,590,80,220,1270,1190,2460,840,430,890,300,1730,80,0.7032520325203252
2023,bella_vista,Bella Vista Station,1190,420,360,290,650,1200,200,440,2400,2350,4750,1610,650,1850,640,3460,50,0.728421052631579
2023,bellambi,Bellambi Station,0,0,0,0,0,0,0,0,90,60,150,0,0,0,0,0,30,0.0
2023,belmore,Belmore Station,1050,160,430,350,390,840,270,550,2140,1900,4040,1210,780,1230,820,2440,240,0.6039603960396039
2023,berala,Berala Station,750,90,390,310,240,820,190,360,1570,1580,3150,840,700,1060,550,1900,-10,0.6031746031746031
2023,beresfield,Beresfield Station,0,0,0,0,0,0,0,0,130,100,230,0,0,0,0,0,30,0.0
2023,berowra,Berowra Station,780,70,130,110,140,650,50,150,1100,980,2080,850,240,790,200,1640,120,0.7884615384615384
2023,berry,Berry Station,0,0,0,0,0,0,0,0,40,60,100,0,0,0,0,0,-20,0.0
2023,beverly_hills,Beverly Hills Station,850,130,300,190,270,740,160,420,1580,1480,3060,980,490,1010,580,1990,100,0.6503267973856209
2023,bexley_north,Bexley North Station,590,70,170,140,150,500,100,250,1010,960,1970,660,310,650,350,1310,50,0.6649746192893401
2023,birrong,Birrong Station,490,70,180,130,110,380,60,210,840,790,1630,560,310,490,270,1050,50,0.6441717791411042
2023,blackheath,Blackheath Station,0,0,0,0,0,0,0,0,150,130,280,0,0,0,0,0,20,0.0
2023,blacktown,Blacktown Station,4790,3170,3500,3060,4050,5730,1970,2840,14310,14800,29110,7960,6560,9780,4810,17740,-490,0.6094125729989694
2023,blaxland,Blaxland Station,250,40,60,60,70,230,50,80,430,410,840,290,120,300,130,590,20,0.7023809523809523
2023,bomaderry,Bomaderry Station,0,0,0,0,0,0,0,0,220,160,380,0,0,0,0,0,60,0.0
2023,bondi_junction,Bondi Junction Station,8130,4600,3640,4140,6410,8250,2250,3130,20430,20120,40550,12730,7780,14660,5380,27390,310,0.675462392108508
2023,bowral,Bowral Station,0,0,0,0,0,0,0,0,180,170,350,0,0,0,0,0,10,0.0
2023,broadmeadow,Broadmeadow Station,260,130,200,170,180,180,120,110,760,590,1350,390,370,360,230,750,170,0.5555555555555556
2023,bullaburra,Bullaburra Station,0,0,0,0,0,0,0,0,40,40,80,0,0,0,0,0,0,0.0
2023,bulli,Bulli Station,0,0,0,0,0,0,0,0,150,130,280,0,0,0,0,0,20,0.0
2023,burwood,Burwood Station,4500,2890,4110,3890,5090,6460,2870,3620,16570,16860,33430,7390,8000,11550,6490,18940,-290,0.5665569847442417
2023,cabramatta,Cabramatta Station,2450,750,1920,1820,1350,2510,760,1310,6480,6390,12870,3200,3740,3860,2070,7060,90,0.5485625485625486
2023,camellia,Camellia Station,0,0,0,0,0,0,0,0,110,70,180,0,0,0,0,0,40,0.0
2023,campbelltown,Campbelltown Station,2540,740,830,810,940,2530,890,1040,5200,5120,10320,3280,1640,3470,1930,6750,80,0.6540697674418605
2023,campsie,Campsie Station,2550,860,1660,1370,1280,2560,860,1610,6350,6400,12750,3410,3030,3840,2470,7250,-50,0.5686274509803921
2023,canley_vale,Canley Vale Station,1040,180,460,330,390,970,280,540,2170,2020,4190,1220,790,1360,820,2580,150,0.6157517899761337
2023,canterbury,Canterbury Station,1040,160,440,260,430,870,270,690,2180,1980,4160,1200,700,1300,960,2500,200,0.6009615384615384
2023,cardiff,Cardiff Station,300,80,150,140,110,260,120,110,680,590,1270,380,290,370,230,750,90,0.5905511811023622
2023,caringbah,Caringbah Station,1150,590,510,410,680,1030,200,340,2540,2370,4910,1740,920,1710,540,3450,170,0.7026476578411406
2023,carlingford,Carlingford Station,0,0,0,0,0,0,0,0,60,60,120,0,0,0,0,0,0,0.0
2023,carlton,Carlton Station,1400,120,460,350,370,1180,230,610,2460,2260,4720,1520,810,1550,840,3070,200,0.6504237288135594
2023,carramar,Carramar Station,220,40,130,90,90,220,80,90,520,440,960,260,220,310,170,570,80,0.59375
2023,castle_hill,Castle Hill Station,1510,1420,1160,1110,2000,2130,490,610,5160,5270,10430,2930,2270,4130,1100,7060,-110,0.6768935762224353
2023,casula,Casula Station,140,50,80,60,80,140,40,60,340,310,650,190,140,220,100,410,30,0.6307692307692307
2023,central,Central Station,7780,31480,13860,17880,32330,15970,15970,7430,69940,72760,142700,39260,31740,48300,23400,87560,-2820,0.6135949544498949
2023,chatswood,Chatswood Station,4790,7600,5140,5740,10300,8580,3680,3040,23910,24960,48870,12390,10880,18880,6720,31270,-1050,0.6398608553304685
2023,cheltenham,Cheltenham Station,0,0,0,0,0,0,0,0,960,800,1760,0,0,0,0,0,160,0.0
2023,cherrybrook,Cherrybrook Station,1850,380,600,450,880,1660,170,780,3500,3270,6770,2230,1050,2540,950,4770,230,0.7045790251107829
2023,chester_hill,Chester Hill Station,400,160,200,150,220,380,90,150,910,840,1750,560,350,600,240,1160,70,0.6628571428571428
2023,circular_quay,Circular Quay Station,2000,7190,3180,5620,8750,8680,16580,8530,30510,30020,60530,9190,8800,17430,25110,26620,490,0.4397819263175285
2023,clarendon,Clarendon Station,0,0,0,0,0,0,0,0,60,60,120,0,0,0,0,0,0,0.0
2023,clyde,Clyde Station,270,300,220,140,340,270,130,220,960,930,1890,570,360,610,350,1180,30,0.6243386243386243
2023,como,Como Station,0,0,0,0,0,0,0,0,600,510,1110,0,0,0,0,0,90,0.0
2023,concord_west,Concord West Station,970,140,320,250,330,840,140,420,1760,1650,3410,1110,570,1170,560,2280,110,0.6686217008797654
2023,coniston,Coniston Station,0,0,0,0,0,0,0,0,210,200,410,0,0,0,0,0,10,0.0
2023,corrimal,Corrimal Station,0,0,0,0,0,0,0,0,150,140,290,0,0,0,0,0,10,0.0
2023,cowan,Cowan Station,0,0,0,0,0,0,0,0,50,40,90,0,0,0,0,0,10,0.0
2023,cronulla,Cronulla Station,780,400,510,510,480,700,200,280,1970,1890,3860,1180,1020,1180,480,2360,80,0.6113989637305699
2023,croydon,Croydon Station,1160,260,350,250,510,1010,150,430,2170,1950,4120,1420,600,1520,580,2940,220,0.7135922330097088
2023,dapto,Dapto Station,0,0,0,0,0,0,0,0,410,380,790,0,0,0,0,0,30,0.0
2023,denistone,Denistone Station,0,0,0,0,0,0,0,0,460,390,850,0,0,0,0,0,70,0.0
2023,domestic,Domestic Station,1940,1910,2640,1850,2070,2120,1610,760,8260,6640,14900,3850,4490,4190,2370,8040,1620,0.5395973154362416
2023,doonside,Doonside Station,1350,150,430,340,340,1210,290,510,2410,2210,4620,1500,770,1550,800,3050,200,0.6601731601731602
2023,dulwich_hill,Dulwich Hill Station,1010,370,360,240,440,750,180,480,1990,1840,3830,1380,600,1190,660,2570,150,0.6710182767624021
2023,dundas,Dundas Station,0,0,0,0,0,0,0,0,80,90,170,0,0,0,0,0,-10,0.0
2023,east_hills,East Hills Station,390,60,120,80,110,360,70,160,690,660,1350,450,200,470,230,920,30,0.6814814814814815
2023,east_richmond,East Richmond Station,0,0,0,0,0,0,0,0,180,190,370,0,0,0,0,0,-10,0.0
2023,eastwood,Eastwood Station,2350,860,1620,1520,1540,2700,690,1200,6200,6280,12480,3210,3140,4240,1890,7450,-80,0.5969551282051282
2023,edgecliff,Edgecliff Station,2780,2370,1530,1320,2730,2720,690,1020,7730,7430,15160,5150,2850,5450,1710,10600,300,0.6992084432717678
2023,edmondson_park,Edmondson Park Station,2160,230,500,450,530,1970,410,850,3600,3500,7100,2390,950,2500,1260,4890,100,0.6887323943661972
2023,emu_plains,Emu Plains Station,550,90,100,100,160,530,110,130,920,850,1770,640,200,690,240,1330,70,0.751412429378531
2023,engadine,Engadine Station,590,160,200,170,180,520,110,140,1080,990,2070,750,370,700,250,1450,90,0.7004830917874396
2023,epping,Epping Station,5920,1630,2210,1730,2720,5820,970,2580,11820,11760,23580,7550,3940,8540,3550,16090,60,0.6823579304495335
2023,erskineville,Erskineville Station,1240,260,370,260,480,1010,220,540,2310,2070,4380,1500,630,1490,760,2990,240,0.682648401826484
2023,fairfield,Fairfield Station,1970,910,1380,1280,1300,1970,620,980,5270,5140,10410,2880,2660,3270,1600,6150,130,0.590778097982709
2023,fairy_meadow,Fairy Meadow Station,0,0,0,0,0,0,0,0,100,90,190,0,0,0,0,0,10,0.0
2023,fassifern,Fassifern Station,0,0,0,0,0,0,0,0,330,270,600,0,0,0,0,0,60,0.0
2023,faulconbridge,Faulconbridge Station,0,0,0,0,0,0,0,0,70,60,130,0,0,0,0,0,10,0.0
2023,flemington,Flemington Station,1660,640,960,570,1020,1440,500,1180,4140,3830,7970,2300,1530,2460,1680,4760,310,0.5972396486825596
2023,glenbrook,Glenbrook Station,0,0,0,0,0,0,0,0,360,320,680,0,0,0,0,0,40,0.0
2023,glenfield,Glenfield Station,2400,930,890,550,1090,2240,550,1020,4930,4740,9670,3330,1440,3330,1570,6660,190,0.688728024819028
2023,gordon,Gordon Station,3080,1190,1080,830,1630,2770,390,1240,6180,6030,12210,4270,1910,4400,1630,8670,150,0.7100737100737101
2023,gosford,Gosford Station,1680,990,780,550,1010,1630,460,670,3930,3840,7770,2670,1330,2640,1130,5310,90,0.6833976833976834
2023,granville,Granville Station,2160,860,1440,1020,1450,2280,1110,1650,6160,5810,11970,3020,2460,3730,2760,6750,350,0.5639097744360902
2023,green_square,Green Square Station,3270,3220,1960,1680,4290,3190,1230,2080,10750,10170,20920,6490,3640,7480,3310,13970,580,0.6677820267686424
2023,guildford,Guildford Station,1110,220,580,410,460,1130,360,540,2510,2300,4810,1330,990,1590,900,2920,210,0.6070686070686071
2023,gymea,Gymea Station,1020,230,300,300,320,860,120,280,1760,1670,3430,1250,600,1180,400,2430,90,0.7084548104956269
2023,hamilton,Hamilton Station,140,170,200,150,190,140,60,70,590,530,1120,310,350,330,130,640,60,0.5714285714285714
2023,harris_park,Harris Park Station,670,260,450,400,580,840,510,640,2210,2140,4350,930,850,1420,1150,2350,70,0.5402298850574713
2023,hawkesbury_river,Hawkesbury River Station,0,0,0,0,0,0,0,0,200,180,380,0,0,0,0,0,20,0.0
2023,hazelbrook,Hazelbrook Station,0,0,0,0,0,0,0,0,230,220,450,0,0,0,0,0,10,0.0
2023,heathcote,Heathcote Station,270,60,90,90,70,220,40,70,470,440,910,330,180,290,110,620,30,0.6813186813186813
2023,helensburgh,Helensburgh Station,0,0,0,0,0,0,0,0,430,370,800,0,0,0,0,0,60,0.0
2023,hills_showground,Hills Showground Station,1570,330,420,320,580,1440,150,570,2720,2660,5380,1900,740,2020,720,3920,60,0.7286245353159851
2023,holsworthy,Holsworthy Station,1710,190,310,260,400,1470,280,640,2700,2560,5260,1900,570,1870,920,3770,140,0.7167300380228137
2023,homebush,Homebush Station,1280,270,590,410,610,1180,360,850,2840,2710,5550,1550,1000,1790,1210,3340,130,0.6018018018018018
2023,hornsby,Hornsby Station,4270,2220,2320,2080,3090,4700,910,1790,10590,10790,21380,6490,4400,7790,2700,14280,-200,0.6679139382600561
2023,hurlstone_park,Hurlstone Park Station,680,60,200,130,180,510,90,320,1150,1020,2170,740,330,690,410,1430,130,0.6589861751152074
2023,hurstville,Hurstville Station,6800,2130,4140,3620,4260,7810,2060,4040,17260,17600,34860,8930,7760,12070,6100,21000,-340,0.6024096385542169
2023,ingleburn,Ingleburn Station,1220,520,530,440,690,1220,330,590,2770,2770,5540,1740,970,1910,920,3650,0,0.6588447653429603
2023,international,International Station,1170,1770,1280,940,730,800,730,540,3910,4050,7960,2940,2220,1530,1270,4470,-140,0.5615577889447236
2023,jannali,Jannali Station,1420,210,320,310,330,1190,130,380,2200,2090,4290,1630,630,1520,510,3150,110,0.7342657342657343
2023,katoomba,Katoomba Station,180,130,260,510,420,180,60,80,920,900,1820,310,770,600,140,910,20,0.5
2023,kellyville,Kellyville Station,2450,80,390,320,360,2120,170,800,3370,3320,6690,2530,710,2480,970,5010,50,0.7488789237668162
2023,kiama,Kiama Station,120,40,130,150,80,110,40,50,370,350,720,160,280,190,90,350,20,0.4861111111111111
2023,killara,Killara Station,920,140,340,230,290,740,70,380,1620,1490,3110,1060,570,1030,450,2090,130,0.6720257234726688
2023,kings_cross,Kings Cross Station,3480,4080,2840,2500,4520,4250,1790,2440,12630,13270,25900,7560,5340,8770,4230,16330,-640,0.6305019305019305
2023,kingsgrove,Kingsgrove Station,790,310,370,250,450,730,170,390,1780,1680,3460,1100,620,1180,560,2280,100,0.6589595375722543
2023,kingswood,Kingswood Station,810,390,370,310,480,740,250,330,1910,1770,3680,1200,680,1220,580,2420,140,0.657608695652174
2023,kirrawee,Kirrawee Station,820,290,330,280,340,740,140,250,1630,1560,3190,1110,610,1080,390,2190,70,0.6865203761755486
2023,kogarah,Kogarah Station,3290,2080,2370,1690,2810,3310,1150,2110,9620,9190,18810,5370,4060,6120,3260,11490,430,0.6108452950558214
2023,koolewong,Koolewong Station,0,0,0,0,0,0,0,0,70,40,110,0,0,0,0,0,30,0.0
2023,kotara,Kotara Station,0,0,0,0,0,0,0,0,40,60,100,0,0,0,0,0,-20,0.0
2023,lakemba,Lakemba Station,1230,270,860,660,660,1330,550,890,3300,3150,6450,1500,1520,1990,1440,3490,150,0.5410852713178295
2023,lapstone,Lapstone Station,0,0,0,0,0,0,0,0,70,70,140,0,0,0,0,0,0,0.0
2023,lawson,Lawson Station,0,0,0,0,0,0,0,0,110,110,220,0,0,0,0,0,0,0.0
2023,leightonfield,Leightonfield Station,0,0,0,0,0,0,0,0,200,210,410,0,0,0,0,0,-10,0.0
2023,leppington,Leppington Station,2050,220,430,340,410,1870,430,750,3320,3180,6500,2270,770,2280,1180,4550,140,0.7
2023,leumeah,Leumeah Station,1240,170,340,250,310,1180,310,480,2200,2080,4280,1410,590,1490,790,2900,120,0.677570093457944
2023,leura,Leura Station,0,0,0,0,0,0,0,0,270,220,490,0,0,0,0,0,50,0.0
2023,lewisham,Lewisham Station,1350,400,420,270,630,1170,180,540,2580,2380,4960,1750,690,1800,720,3550,200,0.7157258064516129
2023,lidcombe,Lidcombe Station,4120,1500,2420,1820,2770,4400,1730,2960,11040,10680,21720,5620,4240,7170,4690,12790,360,0.5888581952117864
2023,lindfield,Lindfield Station,1800,410,630,610,750,1590,180,650,3360,3260,6620,2210,1240,2340,830,4550,100,0.6873111782477341
2023,lisarow,Lisarow Station,0,0,0,0,0,0,0,0,140,110,250,0,0,0,0,0,30,0.0
2023,lithgow,Lithgow Station,0,0,0,0,0,0,0,0,180,170,350,0,0,0,0,0,10,0.0
2023,liverpool,Liverpool Station,2040,2500,2060,1810,2760,2440,980,1110,7840,7860,15700,4540,3870,5200,2090,9740,-20,0.6203821656050955
2023,loftus,Loftus Station,0,0,0,0,0,0,0,0,410,360,770,0,0,0,0,0,50,0.0
2023,macarthur,Macarthur Station,940,370,550,520,590,1090,330,390,2410,2370,4780,1310,1070,1680,720,2990,40,0.6255230125523012
2023,macdonaldtown,Macdonaldtown Station,410,190,180,130,320,360,120,280,1030,960,1990,600,310,680,400,1280,70,0.6432160804020101
2023,macquarie_fields,Macquarie Fields Station,410,60,150,90,170,380,100,190,830,720,1550,470,240,550,290,1020,110,0.6580645161290323
2023,macquarie_park,Macquarie Park Station,570,2330,630,590,2460,670,320,270,3980,3860,7840,2900,1220,3130,590,6030,120,0.7691326530612245
2023,macquarie_university,Macquarie University Station,1820,3350,2370,2670,4570,2980,1180,1250,9940,10250,20190,5170,5040,7550,2430,12720,-310,0.6300148588410104
2023,maitland,Maitland Station,0,0,0,0,0,0,0,0,330,260,590,0,0,0,0,0,70,0.0
2023,marayong,Marayong Station,410,160,190,150,240,400,90,180,930,890,1820,570,340,640,270,1210,40,0.6648351648351648
2023,marrickville,Marrickville Station,1630,570,770,650,880,1480,420,860,3700,3560,7260,2200,1420,2360,1280,4560,140,0.628099173553719
2023,martin_place,Martin Place Station,550,13080,2210,2660,10610,2160,3620,960,16990,18860,35850,13630,4870,12770,4580,26400,-1870,0.7364016736401674
2023,mascot,Mascot Station,3870,4260,3140,2180,5610,4480,1930,3720,14550,14640,29190,8130,5320,10090,5650,18220,-90,0.6241863651935594
2023,meadowbank,Meadowbank Station,2430,730,960,580,970,1960,330,1080,4690,4350,9040,3160,1540,2930,1410,6090,340,0.6736725663716814
2023,merrylands,Merrylands Station,1860,680,1210,1120,1180,2060,740,1130,4990,4990,9980,2540,2330,3240,1870,5780,0,0.5791583166332666
2023,metford,Metford Station,0,0,0,0,0,0,0,0,60,50,110,0,0,0,0,0,10,0.0
2023,milsons_point,Milsons Point Station,1680,1850,1280,1220,2300,2140,1190,1360,6450,6570,13020,3530,2500,4440,2550,7970,-120,0.6121351766513057
2023,minnamurra,Minnamurra Station,0,0,0,0,0,0,0,0,70,80,150,0,0,0,0,0,-10,0.0
2023,minto,Minto Station,1350,270,440,330,450,1320,410,600,2650,2520,5170,1620,770,1770,1010,3390,130,0.655705996131528
2023,miranda,Miranda Station,1020,840,880,930,1010,1190,340,380,3250,3340,6590,1860,1810,2200,720,4060,-90,0.6160849772382397
2023,mittagong,Mittagong Station,0,0,0,0,0,0,0,0,160,130,290,0,0,0,0,0,30,0.0
2023,morisset,Morisset Station,350,50,130,120,80,270,90,80,650,520,1170,400,250,350,170,750,130,0.6410256410256411
2023,mortdale,Mortdale Station,1680,190,540,410,430,1390,250,650,2900,2640,5540,1870,950,1820,900,3690,260,0.6660649819494585
2023,moss_vale,Moss Vale Station,0,0,0,0,0,0,0,0,160,140,300,0,0,0,0,0,20,0.0
2023,mount_colah,Mount Colah Station,0,0,0,0,0,0,0,0,520,490,1010,0,0,0,0,0,30,0.0
2023,mount_druitt,Mount Druitt Station,2710,840,1230,1160,1230,3040,810,970,5980,6010,11990,3550,2390,4270,1780,7820,-30,0.6522101751459549
2023,mount_kuring_gai,Mount Kuring-gai Station,0,0,0,0,0,0,0,0,220,190,410,0,0,0,0,0,30,0.0
2023,mount_victoria,Mount Victoria Station,0,0,0,0,0,0,0,0,60,50,110,0,0,0,0,0,10,0.0
2023,mulgrave,Mulgrave Station,0,0,0,0,0,0,0,0,250,250,500,0,0,0,0,0,0,0.0
2023,museum,Museum Station,1070,5680,2110,2320,5390,2070,1940,1230,10510,11300,21810,6750,4430,7460,3170,14210,-790,0.6515359926639156
2023,narara,Narara Station,0,0,0,0,0,0,0,0,230,180,410,0,0,0,0,0,50,0.0
2023,narwee,Narwee Station,840,70,300,200,230,720,150,430,1520,1420,2940,910,500,950,580,1860,100,0.6326530612244898
2023,newcastle_interchange,Newcastle Interchange,210,600,360,310,620,230,110,100,1300,1240,2540,810,670,850,210,1660,60,0.6535433070866141
2023,newtown,Newtown Station,2430,1900,1650,1920,2690,3990,1800,1860,8570,9670,18240,4330,3570,6680,3660,11010,-1100,0.6036184210526315
2023,niagara_park,Niagara Park Station,0,0,0,0,0,0,0,0,90,90,180,0,0,0,0,0,0,0.0
2023,normanhurst,Normanhurst Station,470,230,220,130,350,360,50,150,1090,870,1960,700,350,710,200,1410,220,0.7193877551020408
2023,north_ryde,North Ryde Station,840,900,450,330,1070,880,170,490,2530,2600,5130,1740,780,1950,660,3690,-70,0.7192982456140351
2023,north_strathfield,North Strathfield Station,1170,330,370,350,560,1130,270,540,2370,2350,4720,1500,720,1690,810,3190,20,0.6758474576271186
2023,north_sydney,North Sydney Station,2140,14300,3460,2990,13440,2950,1940,1660,20980,21900,42880,16440,6450,16390,3600,32830,-920,0.765625
2023,north_wollongong,North Wollongong Station,410,260,260,200,300,350,120,240,1090,1050,2140,670,460,650,360,1320,40,0.616822429906542
2023,norwest,Norwest Station,840,520,420,370,750,920,160,380,2170,2190,4360,1360,790,1670,540,3030,-20,0.694954128440367
2023,oak_flats,Oak Flats Station,160,50,60,60,80,130,50,50,350,290,640,210,120,210,100,420,60,0.65625
2023,oatley,Oatley Station,1110,140,310,270,270,960,90,340,1780,1710,3490,1250,580,1230,430,2480,70,0.7106017191977078
2023,olympic_park,Olympic Park Station,350,900,500,300,900,420,180,270,1930,1890,3820,1250,800,1320,450,2570,40,0.6727748691099477
2023,ourimbah,Ourimbah Station,0,0,0,0,0,0,0,0,160,150,310,0,0,0,0,0,10,0.0
2023,padstow,Padstow Station,1280,220,370,270,360,1110,250,490,2260,2090,4350,1500,640,1470,740,2970,170,0.6827586206896552
2023,panania,Panania Station,760,200,260,180,260,630,130,280,1410,1290,2700,960,440,890,410,1850,120,0.6851851851851852
2023,parramatta,Parramatta Station,8330,14840,7260,6960,16890,11130,4570,4910,37050,37840,74890,23170,14220,28020,9480,51190,-790,0.6835358525837896
2023,pendle_hill,Pendle Hill Station,1480,290,490,420,590,1400,280,560,2840,2670,5510,1770,910,1990,840,3760,170,0.6823956442831216
2023,pennant_hills,Pennant Hills Station,700,300,330,270,410,670,120,280,1560,1520,3080,1000,600,1080,400,2080,40,0.6753246753246753
2023,penrith,Penrith Station,2580,1420,1210,1200,1710,2980,880,1030,6380,6630,13010,4000,2410,4690,1910,8690,-250,0.6679477325134512
2023,penshurst,Penshurst Station,1470,170,540,320,400,1220,260,660,2670,2370,5040,1640,860,1620,920,3260,300,0.6468253968253969
2023,petersham,Petersham Station,1200,670,540,390,890,1220,300,620,2930,2900,5830,1870,930,2110,920,3980,30,0.6826758147512865
2023,picton,Picton Station,0,0,0,0,0,0,0,0,130,110,240,0,0,0,0,0,20,0.0
2023,point_clare,Point Clare Station,0,0,0,0,0,0,0,0,140,110,250,0,0,0,0,0,30,0.0
2023,port_kembla,Port Kembla Station,0,0,0,0,0,0,0,0,80,70,150,0,0,0,0,0,10,0.0
2023,punchbowl,Punchbowl Station,940,200,460,320,420,850,270,560,2090,1930,4020,1140,780,1270,830,2410,160,0.599502487562189
2023,pymble,Pymble Station,1000,470,350,250,670,890,100,340,2120,1950,4070,1470,600,1560,440,3030,170,0.7444717444717445
2023,quakers_hill,Quakers Hill Station,1550,120,420,300,350,1370,240,490,2560,2280,4840,1670,720,1720,730,3390,280,0.7004132231404959
2023,redfern,Redfern Station,4150,11330,4540,4940,11470,5780,3910,3350,24070,25400,49470,15480,9480,17250,7260,32730,-1330,0.6616130988477865
2023,regents_park,Regents Park Station,320,370,230,200,400,340,130,170,1080,1080,2160,690,430,740,300,1430,0,0.6620370370370371
2023,revesby,Revesby Station,2070,410,710,610,750,1830,400,1050,3930,3900,7830,2480,1320,2580,1450,5060,30,0.6462324393358876
2023,rhodes,Rhodes Station,3550,1420,1650,1270,2300,3410,800,2050,8300,8150,16450,4970,2920,5710,2850,10680,150,0.6492401215805471
2023,richmond,Richmond Station,260,100,130,110,140,220,80,90,610,520,1130,360,240,360,170,720,90,0.6371681415929203
2023,riverstone,Riverstone Station,540,140,170,130,220,490,140,190,1070,950,2020,680,300,710,330,1390,120,0.6881188118811881
2023,riverwood,Riverwood Station,1440,200,530,420,470,1300,340,730,2780,2650,5430,1640,950,1770,1070,3410,130,0.6279926335174953
2023,rockdale,Rockdale Station,3440,840,2000,1590,1910,3460,1310,2540,8660,8430,17090,4280,3590,5370,3850,9650,230,0.5646576945582212
2023,rooty_hill,Rooty Hill Station,1570,260,580,430,540,1590,410,720,3100,3000,6100,1830,1010,2130,1130,3960,100,0.6491803278688525
2023,roseville,Roseville Station,1310,270,420,350,600,1080,160,550,2490,2250,4740,1580,770,1680,710,3260,240,0.6877637130801688
2023,rouse_hill,Rouse Hill Station,1690,310,620,610,680,1850,230,570,3220,3340,6560,2000,1230,2530,800,4530,-120,0.6905487804878049
2023,rydalmere,Rydalmere Station,0,0,0,0,0,0,0,0,50,40,90,0,0,0,0,0,10,0.0
2023,schofields,Schofields Station,2940,160,520,410,500,2460,330,1030,4290,4060,8350,3100,930,2960,1360,6060,230,0.725748502994012
2023,sefton,Sefton Station,270,100,140,80,170,220,50,100,630,500,1130,370,220,390,150,760,130,0.672566371681416
2023,seven_hills,Seven Hills Station,2550,1000,960,730,1370,2350,580,1140,5460,5220,10680,3550,1690,3720,1720,7270,240,0.6807116104868914
2023,shellharbour_junction,Shellharbour Junction Station,0,0,0,0,0,0,0,0,140,130,270,0,0,0,0,0,10,0.0
2023,springwood,Springwood Station,450,80,140,110,130,390,80,140,800,720,1520,530,250,520,220,1050,80,0.6907894736842105
2023,st_james,St James Station,210,5130,1460,1830,4990,1070,1350,430,8010,8460,16470,5340,3290,6060,1780,11400,-450,0.692167577413479
2023,st_leonards,St Leonards Station,3350,6530,2820,2270,6820,3520,1350,2040,14340,14360,28700,9880,5090,10340,3390,20220,-20,0.7045296167247387
2023,st_marys,St Marys Station,1760,930,790,650,1190,1800,500,710,4240,4090,8330,2690,1440,2990,1210,5680,150,0.6818727490996399
2023,st_peters,St Peters Station,1450,440,480,350,740,1410,320,670,2990,2870,5860,1890,830,2150,990,4040,120,0.689419795221843
2023,stanmore,Stanmore Station,1580,390,410,340,750,1330,220,630,2960,2690,5650,1970,750,2080,850,4050,270,0.7168141592920354
2023,stanwell_park,Stanwell Park Station,0,0,0,0,0,0,0,0,50,60,110,0,0,0,0,0,-10,0.0
2023,strathfield,Strathfield Station,7380,3290,4280,3600,6170,8280,3490,5730,21320,20900,42220,10670,7880,14450,9220,25120,420,0.5949786830885836
2023,summer_hill,Summer Hill Station,1560,360,580,400,660,1410,260,740,3060,2910,5970,1920,980,2070,1000,3990,150,0.6683417085427136
2023,sutherland,Sutherland Station,2980,730,980,870,1120,2730,530,1090,5610,5420,11030,3710,1850,3850,1620,7560,190,0.6854034451495921
2023,sydenham,Sydenham Station,1520,1770,980,900,2100,1670,800,1200,5400,5540,10940,3290,1880,3770,2000,7060,-140,0.6453382084095064
2023,tahmoor,Tahmoor Station,0,0,0,0,0,0,0,0,130,120,250,0,0,0,0,0,10,0.0
2023,tallawong,Tallawong Station,3210,190,510,340,530,2710,310,1060,4560,4300,8860,3400,850,3240,1370,6640,260,0.7494356659142212
2023,tascott,Tascott Station,0,0,0,0,0,0,0,0,90,60,150,0,0,0,0,0,30,0.0
2023,telarah,Telarah Station,0,0,0,0,0,0,0,0,110,110,220,0,0,0,0,0,0,0.0
2023,telopea,Telopea Station,0,0,0,0,0,0,0,0,100,90,190,0,0,0,0,0,10,0.0
2023,tempe,Tempe Station,670,220,140,120,310,610,70,200,1190,1150,2340,890,260,920,270,1810,40,0.7735042735042735
2023,thirroul,Thirroul Station,520,50,130,130,90,440,80,170,820,790,1610,570,260,530,250,1100,30,0.6832298136645962
2023,thornleigh,Thornleigh Station,770,170,230,190,250,640,90,290,1340,1290,2630,940,420,890,380,1830,50,0.6958174904942965
2023,thornton,Thornton Station,0,0,0,0,0,0,0,0,210,180,390,0,0,0,0,0,30,0.0
2023,toongabbie,Toongabbie Station,1300,280,520,420,510,1270,270,540,2600,2510,5110,1580,940,1780,810,3360,90,0.6575342465753424
2023,town_hall,Town Hall Station,5280,34930,13920,17520,39080,19850,22320,7980,80600,80280,160880,40210,31440,58930,30300,99140,320,0.6162357036300348
2023,towradgi,Towradgi Station,0,0,0,0,0,0,0,0,70,60,130,0,0,0,0,0,10,0.0
2023,tuggerah,Tuggerah Station,450,180,180,180,200,440,180,170,1010,970,1980,630,360,640,350,1270,40,0.6414141414141414
2023,turramurra,Turramurra Station,1960,350,590,440,650,1750,190,710,3390,3250,6640,2310,1030,2400,900,4710,140,0.7093373493975904
2023,turrella,Turrella Station,440,90,180,120,220,380,130,300,970,890,1860,530,300,600,430,1130,80,0.6075268817204301
2023,unanderra,Unanderra Station,160,40,60,50,60,120,50,80,330,290,620,200,110,180,130,380,40,0.6129032258064516
2023,valley_heights,Valley Heights Station,0,0,0,0,0,0,0,0,40,40,80,0,0,0,0,0,0,0.0
2023,victoria_street,Victoria Street Station,0,0,0,0,0,0,0,0,230,210,440,0,0,0,0,0,20,0.0
2023,villawood,Villawood Station,180,100,100,70,140,170,50,80,470,420,890,280,170,310,130,590,50,0.6629213483146067
2023,vineyard,Vineyard Station,0,0,0,0,0,0,0,0,110,110,220,0,0,0,0,0,0,0.0
2023,wahroonga,Wahroonga Station,870,340,260,250,520,760,100,270,1750,1620,3370,1210,510,1280,370,2490,130,0.7388724035608308
2023,waitara,Waitara Station,1580,430,400,320,710,1290,160,600,2850,2640,5490,2010,720,2000,760,4010,210,0.7304189435336976
2023,warabrook,Warabrook Station,0,0,0,0,0,0,0,0,150,170,320,0,0,0,0,0,-20,0.0
2023,waratah,Waratah Station,0,0,0,0,0,0,0,0,180,160,340,0,0,0,0,0,20,0.0
2023,warnervale,Warnervale Station,0,0,0,0,0,0,0,0,210,180,390,0,0,0,0,0,30,0.0
2023,warrawee,Warrawee Station,350,210,120,90,320,330,40,120,830,750,1580,560,210,650,160,1210,80,0.7658227848101266
2023,warrimoo,Warrimoo Station,0,0,0,0,0,0,0,0,100,90,190,0,0,0,0,0,10,0.0
2023,warwick_farm,Warwick Farm Station,1070,260,380,270,450,970,280,470,2180,1970,4150,1330,650,1420,750,2750,210,0.6626506024096386
2023,waterfall,Waterfall Station,0,0,0,0,0,0,0,0,350,350,700,0,0,0,0,0,0,0.0
2023,waverton,Waverton Station,860,230,410,290,480,710,140,430,1890,1660,3550,1090,700,1190,570,2280,230,0.6422535211267606
2023,wentworth_falls,Wentworth Falls Station,0,0,0,0,0,0,0,0,250,220,470,0,0,0,0,0,30,0.0
2023,wentworthville,Wentworthville Station,1840,250,610,500,600,1750,350,820,3400,3320,6720,2090,1110,2350,1170,4440,80,0.6607142857142857
2023,werrington,Werrington Station,580,90,190,130,150,520,130,190,1050,930,1980,670,320,670,320,1340,120,0.6767676767676768
2023,west_ryde,West Ryde Station,1900,590,800,690,930,1870,420,880,4050,4030,8080,2490,1490,2800,1300,5290,20,0.6547029702970297
2023,westmead,Westmead Station,1800,1910,1390,1110,2350,1610,680,1170,6220,5800,12020,3710,2500,3960,1850,7670,420,0.6381031613976705
2023,wiley_park,Wiley Park Station,640,90,320,210,280,540,210,450,1450,1290,2740,730,530,820,660,1550,160,0.5656934306569343
2023,windsor,Windsor Station,270,120,130,120,130,280,90,100,620,620,1240,390,250,410,190,800,0,0.6451612903225806
2023,wolli_creek,Wolli Creek Station,3250,680,1720,1160,1900,3410,1040,2600,7910,7850,15760,3930,2880,5310,3640,9240,60,0.5862944162436549
2023,wollongong,Wollongong Station,500,380,370,330,470,510,190,310,1530,1530,3060,880,700,980,500,1860,0,0.6078431372549019
2023,wollstonecraft,Wollstonecraft Station,1150,150,390,300,410,940,130,550,2080,1940,4020,1300,690,1350,680,2650,140,0.6592039800995025
2023,woodford,Woodford Station,0,0,0,0,0,0,0,0,60,40,100,0,0,0,0,0,20,0.0
2023,woolooware,Woolooware Station,690,120,170,140,180,540,80,230,1120,1030,2150,810,310,720,310,1530,90,0.7116279069767442
2023,woonona,Woonona Station,0,0,0,0,0,0,0,0,120,80,200,0,0,0,0,0,40,0.0
2023,woy_woy,Woy Woy Station,1700,170,500,470,330,1670,410,560,2940,2870,5810,1870,970,2000,970,3870,70,0.6660929432013769
2023,wyee,Wyee Station,0,0,0,0,0,0,0,0,220,180,400,0,0,0,0,0,40,0.0
2023,wynyard,Wynyard Station,4210,43070,7930,9880,37440,11320,18590,6270,68170,70540,138710,47280,17810,48760,24860,96040,-2370,0.6923797851632904
2023,wyong,Wyong Station,510,160,240,210,190,460,230,330,1170,1160,2330,670,450,650,560,1320,10,0.5665236051502146
2023,yagoona,Yagoona Station,630,110,280,180,220,550,180,310,1310,1150,2460,740,460,770,490,1510,160,0.6138211382113821
2023,yennora,Yennora Station,320,440,280,220,410,280,130,210,1140,1150,2290,760,500,690,340,1450,-10,0.6331877729257642
